signal,full_Sharpe,full_t,OOS_Sharpe,OOS_t
signed_vol_ungated,0.8931412723084826,1.7889387283066496,0.49909846128178476,0.8661774008306817
